Entity,Code,Year,Number_yaws,polio_cases,cases_guinea_worm,Number_rabies,Number_malaria,Number_hiv,Number_tuberculosis,Number_smallpox,Number_cholera_cases
Afghanistan,AFG,1980,,6160,0,,,,,,
Afghanistan,AFG,1981,,5859,0,,,,,,
Afghanistan,AFG,1982,,9730,0,,,,,,
Afghanistan,AFG,1983,,13937,0,,,,,,
Afghanistan,AFG,1984,,3864,0,,,,,,
Afghanistan,AFG,1985,,13867,0,,,,,,
Afghanistan,AFG,1986,,12901,0,,,,,,
Afghanistan,AFG,1987,,4396,0,,,,,,
Afghanistan,AFG,1988,,2149,0,,,,,,
Afghanistan,AFG,1989,,385,0,,,,,,
Afghanistan,AFG,1990,,336,0,2.145772,1219845.8,87.665596,16303.112,,
Afghanistan,AFG,1991,,14,0,2.3209748,1132781.5,103.77359,17582.254,,
Afghanistan,AFG,1995,,0,0,3.126361,725758.3,143.54527,22163.428,,19903
Afghanistan,AFG,1997,,21,0,3.446122,605853.06,160.59525,23140.863,,4170
Afghanistan,AFG,1998,,65,0,3.5570247,547045.4,164.60725,23179.447,,10000
Afghanistan,AFG,1999,,167,0,3.607037,502898.88,168.99359,22944.182,,24639
Afghanistan,AFG,2000,,133,0,3.6362348,491614.72,177.66675,22879.678,,4330
Afghanistan,AFG,2001,,22,0,3.7118323,511626.2,192.51457,23330.46,,4499
Afghanistan,AFG,2002,,11,0,3.841707,546030.6,208.17296,24148.05,,3
Afghanistan,AFG,2003,,9,0,3.914814,574740.3,220.20476,24519.38,,41
Afghanistan,AFG,2004,,4,0,3.9608393,601074,233.17265,24681.549,,
Afghanistan,AFG,2005,,10,0,3.9896567,625202.75,244.33427,24736.137,,33
Afghanistan,AFG,2006,,34,0,3.929627,605759,252.45116,24318.215,,
Afghanistan,AFG,2007,,19,0,3.826987,540832.3,268.99326,23911.043,,
Afghanistan,AFG,2008,,34,0,3.7016175,453018.84,282.07034,23510.375,,4384
Afghanistan,AFG,2009,,42,0,3.568791,368269,290.23172,23083.846,,662
Afghanistan,AFG,2010,,33,0,3.4966226,324376.8,301.3223,22966.498,,2369
Afghanistan,AFG,2011,,90,0,3.4693305,313173.53,330.21848,23015.777,,3733
Afghanistan,AFG,2012,,51,0,3.4304512,303789.6,459.22284,23064.814,,12
Afghanistan,AFG,2013,,19,0,3.3869221,297651.5,525.6841,23117.854,,3957
Afghanistan,AFG,2014,,31,0,3.3300812,294260.03,592.7875,23040.713,,45481
Afghanistan,AFG,2015,,22,0,3.3108234,298038.5,669.6386,23044.637,,58064
Afghanistan,AFG,2016,,14,0,3.3374228,345016.8,718.0141,23112.873,,677
Afghanistan,AFG,2017,,16,0,3.379239,427513.62,765.24567,23483.064,,33
Afghanistan,AFG,2018,,23,0,3.3948505,629438.06,810.9223,23930.367,,
Afghanistan,AFG,2019,,32,0,3.387213,998712.1,849.66254,23717.326,,2
Afghanistan,AFG,2020,,404,0,,,,,,
Albania,ALB,1980,,7,0,,,,,,
Albania,ALB,1981,,7,0,,,,,,
Albania,ALB,1982,,0,0,,,,,,
Albania,ALB,1983,,0,0,,,,,,
Albania,ALB,1984,,0,0,,,,,,
Albania,ALB,1985,,7,0,,,,,,
Albania,ALB,1986,,0,0,,,,,,
Albania,ALB,1987,,0,0,,,,,,
Albania,ALB,1988,,0,0,,,,,,
Albania,ALB,1989,,0,0,,,,,,
Albania,ALB,1990,,0,0,0.024380464,0,3.1844528,216.81024,,
Albania,ALB,1991,,7,0,0.024485007,0,3.4546475,211.27489,,
Albania,ALB,1992,,0,0,0.02434144,0,3.6710289,205.64603,,
Albania,ALB,1993,,7,0,0.024078405,0,3.7128205,200.16772,,
Albania,ALB,1994,,0,0,0.023829417,0,3.6294198,195.05692,,626
Albania,ALB,1995,,0,0,0.023583047,0,3.6543012,190.382,,
Albania,ALB,1996,,153,0,0.023025803,0,3.6918812,186.26813,,
Albania,ALB,1997,,0,0,0.02228408,0,3.6656888,187.33731,,
Albania,ALB,1998,,0,0,0.021406677,0,3.3509865,188.06995,,
Albania,ALB,1999,,0,0,0.020316478,0,3.0105524,178.31313,,
Albania,ALB,2000,,0,0,0.019605858,0,2.8395562,169.36588,,
Albania,ALB,2001,,0,0,0.018726408,0,3.0764673,164.97337,,
Albania,ALB,2002,,0,0,0.016977258,0,3.2796018,160.23256,,
Albania,ALB,2003,,0,0,0.014738346,0,3.499513,155.23741,,
Albania,ALB,2004,,0,0,0.012657572,0,3.3179362,150.11584,,
Albania,ALB,2005,,0,0,0.011491771,0,2.9770734,145.20651,,
Albania,ALB,2006,,0,0,0.011053416,0,2.705119,140.29532,,
Albania,ALB,2007,,0,0,0.0106599545,0,2.559985,135.0837,,
Albania,ALB,2008,,0,0,0.010366663,0,2.4835765,129.90475,,
Albania,ALB,2009,,0,0,0.0102469465,0,2.385676,125.13413,,
Albania,ALB,2010,,0,0,0.0103962235,0,2.3353004,121.22562,,
Albania,ALB,2011,,0,0,0.01075592,0,2.4660115,117.806366,,
Albania,ALB,2012,,0,0,0.01119073,0,2.3746042,114.17741,,
Albania,ALB,2013,,0,0,0.011662849,0,2.2445052,110.22334,,
Albania,ALB,2014,,0,0,0.012138092,0,2.4224427,106.195076,,
Albania,ALB,2015,,0,0,0.012588923,0,2.6274543,102.467834,,
Albania,ALB,2016,,0,0,0.013460109,0,2.661325,97.58413,,
Albania,ALB,2017,,0,0,0.014326912,0,2.6962876,94.34844,,
Albania,ALB,2018,,0,0,0.0145095,0,2.728043,94.39895,,
Albania,ALB,2019,,0,0,0.014224869,0,2.6898444,95.83574,,
Albania,ALB,2020,,0,0,,,,,,
Algeria,DZA,1980,,812,0,,,,,,614
Algeria,DZA,1981,,798,0,,,,,,
Algeria,DZA,1982,,497,0,,,,,,
Algeria,DZA,1983,,924,0,,,,,,218
Algeria,DZA,1984,,756,0,,,,,,45
Algeria,DZA,1985,,462,0,,,,,,
Algeria,DZA,1986,,203,0,,,,,,
Algeria,DZA,1987,,245,0,,,,,,1507
Algeria,DZA,1988,,63,0,,,,,,699
Algeria,DZA,1989,,126,0,,,,,,393
Algeria,DZA,1990,,14,0,1.7746575,2428.5056,124.47287,10231.118,,1299
Algeria,DZA,1991,,0,0,1.7726839,2030.1178,135.8765,9977.904,,
Algeria,DZA,1992,,7,0,1.7645701,1641.9749,158.94077,9721.126,,69
Algeria,DZA,1993,,7,0,1.7526449,1284.2754,172.61952,9470.078,,
Algeria,DZA,1994,,28,0,1.7383995,979.4008,198.84825,9237.549,,118
Algeria,DZA,1995,,28,0,1.7248231,751.8313,229.40805,9036.629,,
Algeria,DZA,1996,,8,0,1.7078826,569.6513,249.64938,8853.549,,
Algeria,DZA,1997,,0,0,1.6842893,393.7096,285.9304,8666.493,,
Algeria,DZA,1998,,0,0,1.6557883,240.33974,325.85864,8482.409,,
Algeria,DZA,1999,,11,0,1.628756,127.375824,354.126,8306.235,,
Algeria,DZA,2000,,0,0,1.6059587,74.05169,413.72794,8143.844,,
Algeria,DZA,2001,,2,0,1.5867167,58.935696,458.6117,7989.962,,
Algeria,DZA,2002,,0,0,1.567329,46.90413,485.5604,7838.249,,
Algeria,DZA,2003,,0,0,1.5499105,37.648167,543.68384,7691.8486,,
Algeria,DZA,2004,,0,0,1.5327456,30.810043,589.6671,7555.5605,,
Algeria,DZA,2005,,0,0,1.516881,25.98132,619.7907,7431.977,,0
Algeria,DZA,2006,,0,0,1.4968573,21.855423,659.29315,7308.8574,,0
Algeria,DZA,2007,,0,0,1.4696891,17.753695,727.65765,7181.0386,,
Algeria,DZA,2008,,0,0,1.4403008,14.199883,757.0938,7062.9556,,
Algeria,DZA,2009,,0,0,1.415227,11.758157,781.954,6972.407,,
Algeria,DZA,2010,,0,0,1.4001803,11.032654,828.42773,6927.125,,
Algeria,DZA,2011,,0,0,1.3923714,11.914819,836.8864,6927.1875,,
Algeria,DZA,2012,,0,0,1.3844948,13.567051,883.8523,6949.8745,,
Algeria,DZA,2013,,0,0,1.376196,15.501364,839.57666,6980.994,,
Algeria,DZA,2014,,0,0,1.3679993,17.193447,840.17163,7004.667,,
Algeria,DZA,2015,,0,0,1.3615261,18.083479,749.411,7003.6787,,
Algeria,DZA,2016,,0,0,1.3521076,12.584504,632.9256,6930.4746,,
Algeria,DZA,2017,,0,0,1.3470328,6.3211403,649.5632,6873.661,,
Algeria,DZA,2018,,0,0,1.3475577,6.8618975,664.2919,6889.4663,,
Algeria,DZA,2019,,0,0,1.3461609,10.671482,675.619,6921.8545,,
Algeria,DZA,2020,,0,0,,,,,,
Andorra,AND,1999,,0,0,0.000071659604,0,3.403286,3.752964,,
Andorra,AND,2000,,0,0,0.00007323388,0,3.2728791,3.6276813,,
Andorra,AND,2001,,0,0,0.00007490333,0,3.2626088,3.5448394,,
Andorra,AND,2002,,0,0,0.000076819575,0,6.240559,3.508046,,
Andorra,AND,2003,,0,0,0.000080288526,0,4.170553,3.7045834,,
Andorra,AND,2004,,0,0,0.00008412276,0,3.7917151,3.8746126,,
Andorra,AND,2005,,0,0,0.0000862387,0,6.3877287,3.8998456,,
Andorra,AND,2006,,0,0,0.000088797686,0,4.244847,3.9388938,,
Andorra,AND,2007,,0,0,0.00009140372,0,4.251151,3.9337988,,
Andorra,AND,2008,,0,0,0.00009370595,0,5.620337,3.896008,,
Andorra,AND,2009,,0,0,0.000095917705,0,7.6479607,3.77511,,
Andorra,AND,2010,,0,0,0.000098153556,0,5.607729,3.684505,,
Andorra,AND,2011,,0,0,0.00009777516,0,5.0547557,3.3512278,,
Andorra,AND,2012,,0,0,0.000102749,0,6.523293,3.1693554,,
Andorra,AND,2013,,0,0,0.00010904389,0,6.6046453,3.0530906,,
Andorra,AND,2014,,0,0,0.00011575338,0,6.743381,2.989043,,
Andorra,AND,2015,,0,0,0.00012227679,0,6.86304,2.948139,,
Andorra,AND,2016,,0,0,0.00012582859,0,6.871717,2.9053857,,
Andorra,AND,2017,,0,0,0.00013157535,0,7.081359,2.9467227,,
Andorra,AND,2018,,0,0,0.00013464199,0,7.2311435,2.9978974,,
Andorra,AND,2019,,0,0,0.00013845737,0,7.378066,3.0567908,,
Andorra,AND,2020,,0,0,,,,,,
Angola,AGO,1980,,224,0,,,,,,
Angola,AGO,1981,,84,0,,,,,,
Angola,AGO,1982,,42,0,,,,,,
Angola,AGO,1983,,0,0,,,,,,
Angola,AGO,1984,,21,0,,,,,,
Angola,AGO,1985,,98,0,,,,,,
Angola,AGO,1986,,259,0,,,,,,
Angola,AGO,1987,,105,0,,,,,,16222
Angola,AGO,1988,,0,0,,,,,,15500
Angola,AGO,1989,,0,0,,,,,,17601
Angola,AGO,1991,,0,0,15.457628,3509191.5,3828.9988,31776.87,,8590
Angola,AGO,1992,,0,0,15.613657,3633420.5,5121.842,32864.617,,3608
Angola,AGO,1993,,1043,0,15.721999,3761338.8,6623.8984,33963.746,,
Angola,AGO,1994,,378,0,15.794446,3894744,8285.543,35081.34,,3443
Angola,AGO,1995,,1064,0,15.855254,4036519.2,10038.777,36252.2,,3295
Angola,AGO,1996,,90,0,15.808929,4185122,11805.031,37436.49,,1306
Angola,AGO,1997,,17,0,15.596138,4338616,13511.703,38623.605,,
Angola,AGO,1998,,8,0,15.278044,4495673,15092.233,39828.668,,
Angola,AGO,1999,,1224,0,14.939104,4658156,16503.838,41103.375,,
Angola,AGO,2000,,128,0,14.682077,4828811,17736.984,42523.562,,
Angola,AGO,2001,,2,0,14.48669,5013270.5,18791.828,44091.53,,
Angola,AGO,2002,,0,0,14.274555,5212388.5,19714.244,45769.617,,
Angola,AGO,2003,,0,0,14.057841,5418972,20583.143,47526.805,,
Angola,AGO,2004,,0,0,13.846846,5623625.5,21474.666,49314.883,,
Angola,AGO,2005,,11,0,13.6558,5815446,22352.492,51101.008,,0
Angola,AGO,2006,,2,0,13.443765,5747149,23393.164,52816.234,,67257
Angola,AGO,2007,,9,0,13.163569,5302657,24697.863,54433.145,,18422
Angola,AGO,2008,,32,0,12.828784,4692401.5,26164.584,55948.562,,10511
Angola,AGO,2009,,32,0,12.453303,4166695.8,27782.988,57351.56,,2019
Angola,AGO,2010,,37,0,12.063908,4021064.8,29676.906,58637.992,,1484
Angola,AGO,2011,,6,0,11.604606,4194396,31732.162,59478.727,,1810
Angola,AGO,2012,,0,0,11.039229,4403571.5,33387.836,59712.68,,1215
Angola,AGO,2013,,0,0,10.417461,4646445.5,34408.105,59642.93,,6655
Angola,AGO,2014,,0,0,9.800037,4920422,35154.387,59630.53,,213
Angola,AGO,2015,,0,0,9.250467,5221958,36338.656,60086.812,,
Angola,AGO,2016,,0,0,8.74512,5841198,38198.617,60953.48,,78
Angola,AGO,2017,,0,0,8.358166,6407805.5,40191.227,61982.406,,828
Angola,AGO,2018,,0,1,8.120007,6540698,42326.47,62715.062,,1546
Angola,AGO,2019,,153,1,7.964379,6475958,43510.58,62933.6,,
Angola,AGO,2020,,6,1,,,,,,
"Antigua and Barbuda",ATG,1980,,0,0,,,,,,
"Antigua and Barbuda",ATG,1981,,0,0,,,,,,
"Antigua and Barbuda",ATG,1982,,0,0,,,,,,
"Antigua and Barbuda",ATG,1983,,0,0,,,,,,
"Antigua and Barbuda",ATG,1984,,0,0,,,,,,
"Antigua and Barbuda",ATG,1985,,0,0,,,,,,
"Antigua and Barbuda",ATG,1986,,0,0,,,,,,
"Antigua and Barbuda",ATG,1987,,0,0,,,,,,
"Antigua and Barbuda",ATG,1988,,0,0,,,,,,
"Antigua and Barbuda",ATG,1989,,0,0,,,,,,
"Antigua and Barbuda",ATG,1990,,0,0,0.0015899013,0,15.696256,20.818546,,
"Antigua and Barbuda",ATG,1991,,0,0,0.0014326775,0,15.923891,20.712685,,
"Antigua and Barbuda",ATG,1992,,0,0,0.0012914663,0,15.950966,20.687006,,
"Antigua and Barbuda",ATG,1993,,0,0,0.0011784371,0,16.243483,20.727335,,
"Antigua and Barbuda",ATG,1994,,0,0,0.0011075264,0,16.304415,20.824245,,
"Antigua and Barbuda",ATG,1995,,0,0,0.0010932273,0,16.222788,20.973719,,
"Antigua and Barbuda",ATG,1996,,0,0,0.0011124441,0,15.953433,21.114431,,
"Antigua and Barbuda",ATG,1997,,0,0,0.0011338973,0,16.591475,21.214771,,
"Antigua and Barbuda",ATG,1998,,0,0,0.0011632809,0,17.168034,21.327318,,
"Antigua and Barbuda",ATG,1999,,0,0,0.0012090291,0,16.322075,21.515339,,
"Antigua and Barbuda",ATG,2000,,0,0,0.0012793491,0,14.970841,21.837103,,
"Antigua and Barbuda",ATG,2001,,0,0,0.0013909283,0,13.832178,22.383984,,
"Antigua and Barbuda",ATG,2002,,0,0,0.0015385192,0,12.421225,23.101402,,
"Antigua and Barbuda",ATG,2003,,0,0,0.0017025145,0,11.070621,23.848896,,
"Antigua and Barbuda",ATG,2004,,0,0,0.0018630532,0,10.333011,24.472168,,
"Antigua and Barbuda",ATG,2005,,0,0,0.0020007084,0,10.164899,24.80878,,
"Antigua and Barbuda",ATG,2006,,0,0,0.0021605596,0,10.608372,24.807974,,
"Antigua and Barbuda",ATG,2007,,0,0,0.0023902059,0,11.35329,24.571507,,
"Antigua and Barbuda",ATG,2008,,0,0,0.0026680196,0,14.239348,24.17902,,
"Antigua and Barbuda",ATG,2010,,0,0,0.0032946493,0,18.951378,23.278795,,
Argentina,ARG,1980,,224,0,,,,,,
Argentina,ARG,1981,,14,0,,,,,,
Argentina,ARG,1982,,84,0,,,,,,
Argentina,ARG,1983,,182,0,,,,,,
Argentina,ARG,1984,,7,0,,,,,,
Argentina,ARG,1985,,14,0,,,,,,
Argentina,ARG,1986,,0,0,,,,,,
Argentina,ARG,1987,,0,0,,,,,,
Argentina,ARG,1988,,0,0,,,,,,
Argentina,ARG,1989,,0,0,,,,,,
Argentina,ARG,1990,,0,0,1.5078027,1660.0945,5156.753,7092.7104,,
Argentina,ARG,1991,,0,0,1.3015058,1544.3666,5359.861,6854.8477,,
Argentina,ARG,1992,,0,0,1.1063824,1426.5679,5394.1147,6636.898,,
Argentina,ARG,1993,,0,0,0.9345812,1307.2181,5397.697,6448.022,,2350
Argentina,ARG,1994,,0,0,0.7994036,1186.8014,5499.325,6298.851,,889
Argentina,ARG,1995,,0,0,0.7146847,1065.2274,5709.5503,6200.8174,,188
Argentina,ARG,1996,,0,0,0.65925753,931.68604,5889.9565,6151.465,,474
Argentina,ARG,1997,,0,0,0.60611075,785.8901,6477.307,6130.5073,,637
Argentina,ARG,1998,,0,0,0.5609319,644.00653,6927.8657,6121.401,,12
Argentina,ARG,1999,,0,0,0.52975124,522.86444,6833.344,6106.7817,,
Argentina,ARG,2000,,0,0,0.51903343,440.08246,6992.8066,6072.0215,,
Argentina,ARG,2001,,0,0,0.5222578,390.39594,6977.131,6006.7197,,
Argentina,ARG,2002,,0,0,0.5285838,352.68164,7153.6494,5916.2227,,
Argentina,ARG,2003,,0,0,0.5368071,321.135,7185.4443,5808.9546,,
Argentina,ARG,2004,,0,0,0.54585195,289.68842,7153.8696,5693.6387,,
Argentina,ARG,2005,,0,0,0.55436337,251.87672,7328.543,5579.6724,,
Argentina,ARG,2006,,0,0,0.55728906,198.4892,7919.3257,5442.091,,
Argentina,ARG,2007,,0,0,0.5531797,133.17249,8252.138,5272.925,,
Argentina,ARG,2008,,0,0,0.54535526,69.01507,8418.49,5111.187,,
Argentina,ARG,2009,,0,0,0.537463,19.778528,8638.933,4994.149,,
Argentina,ARG,2010,,0,0,0.53342724,0,8522.109,4956.657,,
Argentina,ARG,2011,,0,0,0.53210765,0,8934.269,5058.7803,,
Argentina,ARG,2012,,0,0,0.52998716,0,9233.937,5281.4766,,
Argentina,ARG,2013,,0,0,0.5286387,0,9265.105,5544.8135,,
Argentina,ARG,2014,,0,0,0.5297483,0,9576.999,5765.7075,,
Argentina,ARG,2015,,0,0,0.53504884,0,9954.536,5853.3877,,
Argentina,ARG,2016,,0,0,0.55013776,0,10449.229,5781.7915,,
Argentina,ARG,2017,,0,0,0.56505936,0,10999.95,5692.883,,
Argentina,ARG,2018,,0,0,0.5696193,0,11539.661,5643.045,,
Argentina,ARG,2019,,0,0,0.5678664,0,11633.454,5596.742,,
Argentina,ARG,2020,,0,0,,,,,,
Armenia,ARM,1991,,21,0,8.69053,0,1.9496533,1495.1956,,
Armenia,ARM,1992,,7,0,10.066219,0,1.8591231,1405.2369,,
Armenia,ARM,1993,,0,0,11.406513,0,1.7864699,1332.1367,,
Armenia,ARM,1994,,35,0,13.24786,0,2.1334276,1281.5264,,
Armenia,ARM,1995,,21,0,15.202328,0,3.005632,1259.3013,,
Armenia,ARM,1996,,0,0,17.64264,89.671646,4.070093,1265.687,,
Armenia,ARM,1997,,0,0,20.315647,303.6544,5.6772275,1290.4052,,
Armenia,ARM,1998,,0,0,23.029074,559.3444,7.38875,1323.7573,,25
Armenia,ARM,1999,,0,0,24.947931,773.90295,10.6959095,1356.0282,,
Armenia,ARM,2000,,0,0,26.292213,864.2048,15.834644,1378.6669,,
Armenia,ARM,2001,,0,0,24.481815,777.97687,21.899372,1397.4779,,
Armenia,ARM,2002,,0,0,19.765396,570.8879,27.472624,1419.4644,,
Armenia,ARM,2003,,0,0,13.548273,323.07718,31.88358,1440.3644,,
Armenia,ARM,2004,,0,0,8.031524,113.89763,35.167538,1455.7915,,
Armenia,ARM,2005,,0,0,5.0500464,21.43494,38.06618,1461.1708,,
Armenia,ARM,2006,,0,0,3.9187043,13.808646,40.95977,1451.2924,,
Armenia,ARM,2007,,0,0,2.96246,7.8134704,46.922333,1427.3193,,
Armenia,ARM,2008,,0,0,2.1923928,3.4925132,53.550278,1394.9037,,
Armenia,ARM,2009,,0,0,1.6251274,0.87811846,64.72161,1359.0637,,
Armenia,ARM,2010,,0,0,1.2480956,0,85.29706,1324.1011,,
Armenia,ARM,2011,,0,0,0.972228,0,112.35193,1263.2972,,
Armenia,ARM,2012,,0,0,0.7239341,0,129.80846,1164.6361,,
Armenia,ARM,2013,,0,0,0.52517515,0,165.58264,1054.1833,,
Armenia,ARM,2014,,0,0,0.40031832,0,161.76479,956.91174,,
Armenia,ARM,2015,,0,0,0.3507421,0,146.89513,898.96936,,
Armenia,ARM,2016,,0,0,0.34852454,0,124.50519,873.1816,,
Armenia,ARM,2017,,0,0,0.35426956,0,126.82312,849.0223,,
Armenia,ARM,2018,,0,0,0.3604499,0,129.29773,817.54645,,
Armenia,ARM,2019,,0,0,0.36901894,0,127.89752,778.1901,,
Armenia,ARM,2020,,0,0,,,,,,
Australia,AUS,1980,,0,0,,,,,,2
Australia,AUS,1981,,0,0,,,,,,2
Australia,AUS,1982,,0,0,,,,,,1
Australia,AUS,1983,,0,0,,,,,,4
Australia,AUS,1984,,0,0,,,,,,1
Australia,AUS,1985,,0,0,,,,,,2
Australia,AUS,1986,,7,0,,,,,,
Australia,AUS,1987,,0,0,,,,,,1
Australia,AUS,1988,,0,0,,,,,,1
Australia,AUS,1989,,0,0,,,,,,
Australia,AUS,1990,,0,0,0.01537558,0,1158.6019,1430.4984,,
Australia,AUS,1991,,0,0,0.014952987,0,1076.6482,1416.0972,,
Australia,AUS,1992,,0,0,0.014426901,0,1040.3671,1396.2115,,3
Australia,AUS,1993,,0,0,0.013829989,0,988.3936,1373.5801,,5
Australia,AUS,1994,,0,0,0.013184941,0,970.4855,1350.5972,,3
Australia,AUS,1995,,0,0,0.012567361,0,964.9519,1329.9636,,5
Australia,AUS,1996,,0,0,0.011871827,0,1180.8098,1301.4894,,2
Australia,AUS,1997,,0,0,0.011170553,0,1357.1382,1259.9199,,2
Australia,AUS,1998,,0,0,0.010698311,0,1210.0197,1216.2649,,5
Australia,AUS,1999,,0,0,0.010655328,0,1195.757,1182.4094,,4
Australia,AUS,2000,,0,0,0.01118332,0,1104.0942,1170.0035,,1
Australia,AUS,2001,,0,0,0.012170503,0,996.7928,1171.5183,,2
Australia,AUS,2002,,0,0,0.013318042,0,945.9995,1172.19,,5
Australia,AUS,2003,,0,0,0.014565649,0,900.99457,1172.8392,,
Australia,AUS,2004,,0,0,0.015821518,0,942.99646,1175.0764,,2
Australia,AUS,2005,,0,0,0.016981225,0,917.2,1181.1459,,2
Australia,AUS,2006,,0,0,0.018252635,0,978.9934,1191.7349,,3
Australia,AUS,2007,,0,0,0.019713476,0,1064.9827,1206.165,,3
Australia,AUS,2008,,0,0,0.021293463,0,1026.9813,1222.9801,,
Australia,AUS,2009,,0,0,0.022942321,0,1085.3138,1241.3044,,
Australia,AUS,2010,,0,0,0.024786152,0,1028.7885,1259.8943,,3
Australia,AUS,2011,,0,0,0.028640883,0,1032.249,1277.1637,,6
Australia,AUS,2012,,0,0,0.03525196,0,1108.8146,1293.495,,5
Australia,AUS,2013,,0,0,0.042860776,0,1171.1143,1308.3037,,3
Australia,AUS,2014,,0,0,0.04974804,0,1217.3619,1321.5658,,2
Australia,AUS,2015,,0,0,0.05428063,0,1291.067,1333.6388,,2
Australia,AUS,2016,,0,0,0.055543594,0,1350.7949,1335.7676,,1
Australia,AUS,2017,,0,0,0.05548405,0,1410.1378,1337.8672,,3
Australia,AUS,2018,,0,0,0.054880887,0,1473.1278,1352.401,,
Australia,AUS,2019,,0,0,0.052932423,0,1487.2773,1373.7148,,2
Australia,AUS,2020,,0,0,,,,,,
Austria,AUT,1980,,7,0,,,,,,
Austria,AUT,1981,,0,0,,,,,,
Austria,AUT,1982,,0,0,,,,,,
Austria,AUT,1983,,0,0,,,,,,
Austria,AUT,1984,,0,0,,,,,,
Austria,AUT,1985,,0,0,,,,,,
Austria,AUT,1986,,0,0,,,,,,
Austria,AUT,1987,,0,0,,,,,,
Austria,AUT,1988,,0,0,,,,,,
Austria,AUT,1989,,0,0,,,,,,
Austria,AUT,1990,,0,0,0.007856384,0,639.50415,1133.4965,,2
Austria,AUT,1991,,0,0,0.007123984,0,634.411,1100.5679,,
Austria,AUT,1992,,0,0,0.006466202,0,582.9502,1066.943,,
Austria,AUT,1993,,0,0,0.005877945,0,506.71774,1034.3431,,1
Austria,AUT,1994,,0,0,0.00541193,0,393.3486,1004.01465,,1
Austria,AUT,1995,,0,0,0.005121655,0,355.7155,976.9969,,
Austria,AUT,1996,,0,0,0.005048178,0,343.77332,949.2798,,1
Austria,AUT,1997,,0,0,0.0052234707,0,400.15958,918.451,,
Austria,AUT,1998,,0,0,0.0055390135,0,423.6453,886.5247,,1
Austria,AUT,1999,,0,0,0.0058989534,0,479.4192,856.34717,,1
Austria,AUT,2000,,0,0,0.0061748195,0,577.03345,831.2583,,
Austria,AUT,2001,,0,0,0.0064385533,0,678.1848,805.5253,,0
Austria,AUT,2002,,0,0,0.0068854713,0,687.5939,774.4428,,1
Austria,AUT,2003,,0,0,0.0073836367,0,699.3541,742.6282,,
Austria,AUT,2004,,0,0,0.00780996,0,680.22534,715.24084,,
Austria,AUT,2005,,0,0,0.008073101,0,593.8486,696.8655,,1
Austria,AUT,2006,,0,0,0.007989534,0,617.74524,683.8261,,
Austria,AUT,2007,,0,0,0.0077709765,0,571.6656,670.5201,,
Austria,AUT,2008,,0,0,0.007555033,0,574.5099,657.0637,,
Austria,AUT,2009,,0,0,0.007470162,0,631.39575,643.3374,,
Austria,AUT,2010,,0,0,0.00777438,0,643.761,629.49524,,
Austria,AUT,2011,,0,0,0.008050023,0,700.55994,612.73004,,
Austria,AUT,2012,,0,0,0.008516049,0,747.05133,592.64575,,
Austria,AUT,2013,,0,0,0.008983271,0,661.09265,572.397,,
Austria,AUT,2014,,0,0,0.009481388,0,632.59296,555.5873,,
Austria,AUT,2015,,0,0,0.009986834,0,585.41235,545.7482,,
Austria,AUT,2016,,0,0,0.00891423,0,662.14484,539.00397,,
Austria,AUT,2017,,0,0,0.007568444,0,665.4822,533.23883,,
Austria,AUT,2018,,0,0,0.0074531473,0,666.5336,531.33276,,
Austria,AUT,2019,,0,0,0.007492548,0,671.0829,532.34015,,
Austria,AUT,2020,,0,0,,,,,,
Azerbaijan,AZE,1991,,147,0,13.249931,4802.8945,51.790146,5120.582,,
Azerbaijan,AZE,1992,,154,0,14.004584,8835.644,54.895817,5485.174,,
Azerbaijan,AZE,1993,,483,0,14.687267,12040.165,58.71049,5794.533,,
Azerbaijan,AZE,1994,,112,0,15.207784,14208.158,63.710827,6029.7896,,18
Azerbaijan,AZE,1995,,35,0,15.644182,15122.474,69.74036,6174.878,,
Azerbaijan,AZE,1996,,0,0,15.917799,14762.9,77.74702,6265.1616,,
Azerbaijan,AZE,1997,,0,0,16.159271,13487.223,84.98121,6351.6255,,
Azerbaijan,AZE,1998,,0,0,16.248281,11661.667,88.011246,6431.639,,
Azerbaijan,AZE,1999,,0,0,16.245728,9688.228,87.026306,6512.786,,
Azerbaijan,AZE,2000,,0,0,16.022724,7978.43,84.404755,6595.5557,,
Azerbaijan,AZE,2001,,0,0,15.364539,6364.8516,78.70482,6653.588,,
Azerbaijan,AZE,2002,,0,0,13.993611,4550.842,78.70301,6659.024,,
Azerbaijan,AZE,2003,,0,0,12.388329,2811.4165,79.56264,6622.342,,
Azerbaijan,AZE,2004,,0,0,10.785144,1439.2867,83.12303,6552.644,,
Azerbaijan,AZE,2005,,0,0,9.632432,746.04865,89.44233,6463.4077,,
Azerbaijan,AZE,2006,,0,0,8.745838,520.0787,98.803925,6337.636,,
Azerbaijan,AZE,2007,,0,0,7.9273057,333.8222,111.61113,6174.9824,,
Azerbaijan,AZE,2008,,0,0,7.161968,190.76675,127.49264,6004.388,,
Azerbaijan,AZE,2009,,0,0,6.632153,94.8304,151.53418,5861.79,,
Azerbaijan,AZE,2010,,0,0,6.352415,49.982643,159.7667,5780.852,,
Azerbaijan,AZE,2011,,0,0,6.282623,33.329826,231.52658,5741.7905,,
Azerbaijan,AZE,2012,,0,0,6.1978045,19.509794,257.01102,5704.014,,
Azerbaijan,AZE,2013,,0,0,6.1435556,9.012619,270.8732,5674.2812,,
Azerbaijan,AZE,2014,,0,0,6.09042,2.3394532,288.11484,5660.4814,,
Azerbaijan,AZE,2015,,0,0,6.0905232,0,292.44003,5671.4785,,
Azerbaijan,AZE,2016,,0,0,6.113381,0,294.2168,5733.8506,,
Azerbaijan,AZE,2017,,0,0,6.201328,0,298.65662,5784.644,,
Azerbaijan,AZE,2018,,0,0,6.317775,0,303.5262,5667.425,,
Azerbaijan,AZE,2019,,0,0,6.4710073,0,304.82303,5386.9526,,
Azerbaijan,AZE,2020,,0,0,,,,,,
Bahamas,BHS,1980,,0,0,,,,,,
Bahamas,BHS,1981,,0,0,,,,,,
Bahamas,BHS,1982,,0,0,,,,,,
Bahamas,BHS,1983,,0,0,,,,,,
Bahamas,BHS,1984,,0,0,,,,,,
Bahamas,BHS,1985,,0,0,,,,,,
Bahamas,BHS,1986,,0,0,,,,,,
Bahamas,BHS,1987,,0,0,,,,,,
Bahamas,BHS,1988,,0,0,,,,,,
Bahamas,BHS,1989,,0,0,,,,,,
Bahamas,BHS,1990,,0,0,0.001654023,0,308.14337,56.097637,,
Bahamas,BHS,1991,,0,0,0.0015883755,0,467.7068,54.643467,,
Bahamas,BHS,1992,,0,0,0.0015263952,0,324.62207,53.24946,,
Bahamas,BHS,1993,,0,0,0.0014713488,0,272.32852,51.953808,,
Bahamas,BHS,1994,,0,0,0.001429142,0,295.05612,50.89464,,
Bahamas,BHS,1995,,0,0,0.0014017725,0,270.09152,50.25417,,
Bahamas,BHS,1996,,0,0,0.0013550586,0,238.8777,49.75081,,
Bahamas,BHS,1997,,0,0,0.0012737131,0,216.324,49.11809,,
Bahamas,BHS,1998,,0,0,0.0011819494,0,199.9364,48.510662,,
Bahamas,BHS,1999,,0,0,0.0011081352,0,145.45026,48.059155,,
Bahamas,BHS,2000,,0,0,0.0010848407,0,228.34792,47.904854,,
Bahamas,BHS,2001,,0,0,0.0011016225,0,212.40683,47.99915,,
Bahamas,BHS,2002,,0,0,0.001127299,0,201.63835,48.201855,,
Bahamas,BHS,2003,,0,0,0.0011672707,0,197.87932,48.484547,,
Bahamas,BHS,2004,,0,0,0.0012241902,0,223.2354,48.78568,,
Bahamas,BHS,2005,,0,0,0.001304425,0,225.8238,49.05166,,
Bahamas,BHS,2006,,0,0,0.0014347257,0,211.41199,49.121674,,
Bahamas,BHS,2007,,0,0,0.0016173846,0,214.28442,48.981216,,
Bahamas,BHS,2008,,0,0,0.0018225064,0,210.68214,48.740536,,
Bahamas,BHS,2010,,0,0,0.0021752398,0,216.6256,48.440296,,
Bahrain,BHR,1980,,42,0,,,,,,
Bahrain,BHR,1981,,35,0,,,,,,
Bahrain,BHR,1982,,0,0,,,,,,
Bahrain,BHR,1983,,0,0,,,,,,
Bahrain,BHR,1984,,0,0,,,,,,
Bahrain,BHR,1985,,0,0,,,,,,
Bahrain,BHR,1986,,0,0,,,,,,
Bahrain,BHR,1987,,0,0,,,,,,
Bahrain,BHR,1988,,0,0,,,,,,
Bahrain,BHR,1989,,0,0,,,,,,
Bahrain,BHR,1990,,0,0,0.0047965283,0,13.207953,178.12999,,
Bahrain,BHR,1991,,0,0,0.0048517827,0,13.644559,183.18065,,
Bahrain,BHR,1992,,0,0,0.00485006,0,13.814355,186.59013,,
Bahrain,BHR,1993,,14,0,0.0048201,0,13.56586,189.23912,,
Bahrain,BHR,1994,,0,0,0.0047784573,0,13.012018,191.77028,,
Bahrain,BHR,1995,,0,0,0.0047267783,0,12.431893,194.67876,,
Bahrain,BHR,1996,,0,0,0.0045580757,0,11.890666,197.45547,,
Bahrain,BHR,1997,,0,0,0.0042431126,0,11.475845,198.84941,,
Bahrain,BHR,1998,,0,0,0.0038762796,0,11.17879,199.46664,,
Bahrain,BHR,1999,,0,0,0.0035653266,0,11.034436,200.03319,,
Bahrain,BHR,2000,,0,0,0.0034401282,0,10.112326,201.53638,,
Bahrain,BHR,2001,,0,0,0.0035165518,0,10.354997,203.87628,,
Bahrain,BHR,2002,,0,0,0.0037150504,0,10.057216,208.14052,,
Bahrain,BHR,2003,,0,0,0.0040143463,0,9.969756,215.67548,,
Bahrain,BHR,2004,,0,0,0.0043739304,0,10.1595,225.23613,,
Bahrain,BHR,2005,,0,0,0.004727148,0,9.792827,234.35295,,
Bahrain,BHR,2006,,0,0,0.0049647135,0,10.473832,241.38885,,
Bahrain,BHR,2007,,0,0,0.0050188447,0,11.240419,247.09712,,
Bahrain,BHR,2008,,0,0,0.004979889,0,12.126398,253.76414,,
Bahrain,BHR,2009,,0,0,0.0049271556,0,13.142864,260.55432,,
Bahrain,BHR,2010,,0,0,0.0049744896,0,15.478553,265.73566,,
Bahrain,BHR,2011,,0,0,0.0050527127,0,14.891361,266.15173,,
Bahrain,BHR,2012,,0,0,0.0051202443,0,15.421727,264.768,,
Bahrain,BHR,2013,,0,0,0.0052067707,0,15.7223835,263.46265,,
Bahrain,BHR,2014,,0,0,0.0053196037,0,15.578448,261.80295,,
Bahrain,BHR,2015,,0,0,0.005462797,0,15.38592,259.16415,,8
Bahrain,BHR,2016,,0,0,0.0056065065,0,15.019904,254.4455,,
Bahrain,BHR,2017,,0,0,0.0056835916,0,15.094636,250.88515,,
Bahrain,BHR,2018,,0,0,0.005743729,0,15.699668,247.73611,,
Bahrain,BHR,2019,,0,0,0.0057985913,0,15.666963,243.05339,,
Bahrain,BHR,2020,,0,0,,,,,,
Bangladesh,BGD,1980,,455,0,,,,,,
Bangladesh,BGD,1981,,686,0,,,,,,
Bangladesh,BGD,1982,,2233,0,,,,,,
Bangladesh,BGD,1983,,896,0,,,,,,
Bangladesh,BGD,1984,,896,0,,,,,,
Bangladesh,BGD,1985,,623,0,,,,,,
Bangladesh,BGD,1986,,1106,0,,,,,,
Bangladesh,BGD,1987,,714,0,,,,,,523
Bangladesh,BGD,1988,,3780,0,,,,,,571
Bangladesh,BGD,1989,,3143,0,,,,,,94
Bangladesh,BGD,1990,,2618,0,1309.1222,3897611.8,0,386013.84,,82
Bangladesh,BGD,1991,,2009,0,1465.3674,3355832.8,0,380234.53,,8
Bangladesh,BGD,1992,,1463,0,1583.1517,2834385.2,0,374052.75,,479
Bangladesh,BGD,1993,,1631,0,1665.8058,2363462.5,0,367719.3,,78
Bangladesh,BGD,1994,,2023,0,1715.1091,1970568,67.82152,361107.53,,562
Bangladesh,BGD,1995,,343,0,1734.7075,1685329.6,31.498789,354307.16,,2297
Bangladesh,BGD,1996,,108,0,1684.6005,1466432.5,50.0255,347056.34,,418
Bangladesh,BGD,1997,,192,0,1548.4496,1262366.8,64.813446,339280.72,,1959
Bangladesh,BGD,1998,,332,0,1366.4799,1087575.8,95.272705,331402.78,,1067
Bangladesh,BGD,1999,,436,0,1180.5101,957208.5,130.31166,323877.12,,3440
Bangladesh,BGD,2000,,220,0,1033.1205,887203.4,188.34357,317146.47,,1021
Bangladesh,BGD,2001,,0,0,911.6814,855652.75,263.1729,311337.72,,
Bangladesh,BGD,2002,,0,0,783.8528,827420.7,358.79233,306050.72,,
Bangladesh,BGD,2003,,0,0,662.91003,798777.5,439.18604,300980.38,,
Bangladesh,BGD,2004,,0,0,562.57874,765808.56,510.30527,295866.47,,
Bangladesh,BGD,2005,,0,0,496.23456,724349.25,579.2955,290337.34,,
Bangladesh,BGD,2006,,20,0,451.84375,668152.94,623.5576,284089.44,,
Bangladesh,BGD,2007,,0,0,408.7992,597840.25,669.7744,277240.62,,
Bangladesh,BGD,2008,,0,0,369.18692,519612.75,720.3843,270208.56,,
Bangladesh,BGD,2009,,0,0,335.1646,440074.25,737.87836,263415.38,,
Bangladesh,BGD,2010,,0,0,309.00803,366269.1,754.13763,257248.53,,
Bangladesh,BGD,2011,,0,0,286.92392,290096.6,695.5441,251400.52,,
Bangladesh,BGD,2012,,0,0,264.22125,206261.03,700.9277,245452.64,,
Bangladesh,BGD,2013,,0,0,242.6958,126956.34,673.8707,239747.97,,
Bangladesh,BGD,2014,,0,0,224.17964,65245.86,661.0987,234641.28,,
Bangladesh,BGD,2015,,0,0,210.78755,35057.75,639.71985,230603.25,,
Bangladesh,BGD,2016,,0,0,201.96909,28362.418,634.1214,228013.83,,
Bangladesh,BGD,2017,,0,0,194.82874,23437.12,638.5542,225577.66,,
Bangladesh,BGD,2018,,0,0,187.57178,16841.11,640.51056,221509.11,,566
Bangladesh,BGD,2019,,0,0,180.40259,9460.737,641.7565,215988.44,,503
Bangladesh,BGD,2020,,0,0,,,,,,212
Barbados,BRB,1980,,0,0,,,,,,
Barbados,BRB,1981,,0,0,,,,,,
Barbados,BRB,1982,,0,0,,,,,,
Barbados,BRB,1983,,0,0,,,,,,
Barbados,BRB,1984,,0,0,,,,,,
Barbados,BRB,1985,,0,0,,,,,,
Barbados,BRB,1986,,0,0,,,,,,
Barbados,BRB,1987,,0,0,,,,,,
Barbados,BRB,1988,,0,0,,,,,,
Barbados,BRB,1989,,0,0,,,,,,
Barbados,BRB,1990,,0,0,0.006886444,0,87.559006,31.56529,,
Barbados,BRB,1991,,0,0,0.0064080977,0,89.20039,30.769571,,
Barbados,BRB,1992,,0,0,0.005912091,0,88.65066,29.953423,,
Barbados,BRB,1993,,0,0,0.005465034,0,86.76474,29.127693,,
Barbados,BRB,1994,,0,0,0.005141724,0,83.48273,28.31678,,
Barbados,BRB,1995,,0,0,0.00502119,0,80.90013,27.549547,,
Barbados,BRB,1996,,0,0,0.0049421377,0,79.4604,26.742962,,
Barbados,BRB,1997,,0,0,0.0047510755,0,78.08847,25.870117,,
Barbados,BRB,1998,,0,0,0.0045356406,0,76.38534,25.040598,,
Barbados,BRB,1999,,0,0,0.004381211,0,75.01343,24.362495,,
Barbados,BRB,2000,,0,0,0.004370021,0,73.455345,23.93168,,
Barbados,BRB,2001,,0,0,0.004485768,0,70.618996,23.682882,,
Barbados,BRB,2002,,0,0,0.004645394,0,69.68538,23.48129,,
Barbados,BRB,2003,,0,0,0.004838463,0,82.07176,23.333107,,
Barbados,BRB,2004,,0,0,0.0050608492,0,85.58993,23.260622,,
Barbados,BRB,2005,,0,0,0.005320478,0,74.72339,23.29512,,
Barbados,BRB,2006,,0,0,0.0057264194,0,66.83081,23.43769,,
Barbados,BRB,2007,,0,0,0.0063111424,0,62.27884,23.631414,,
Barbados,BRB,2008,,0,0,0.0069631995,0,59.63304,23.84071,,
Barbados,BRB,2010,,0,0,0.00796433,0,62.623695,24.165464,,
Belarus,BLR,1991,,0,0,17.341595,0,231.02837,5559.856,,
Belarus,BLR,1992,,7,0,18.169592,0,209.84709,5614.819,,
Belarus,BLR,1993,,7,0,18.837755,0,212.99562,5657.9,,
Belarus,BLR,1994,,14,0,19.221846,0,215.19698,5685.8037,,3
Belarus,BLR,1995,,0,0,19.401659,0,230.5945,5696.899,,3
Belarus,BLR,1996,,0,0,19.429785,0,261.8729,5703.508,,
Belarus,BLR,1997,,0,0,19.212147,0,304.66144,5707.8975,,
Belarus,BLR,1998,,0,0,18.898495,0,368.11362,5707.5923,,
Belarus,BLR,1999,,0,0,18.532574,0,438.31775,5697.0205,,
Belarus,BLR,2000,,0,0,18.326517,0,518.41815,5672.1216,,
Belarus,BLR,2001,,0,0,18.36031,0,587.90625,5622.7124,,
Belarus,BLR,2002,,0,0,18.5995,0,649.3107,5543.7534,,
Belarus,BLR,2003,,0,0,19.029427,0,692.7518,5455.638,,
Belarus,BLR,2004,,0,0,19.691963,0,721.7441,5371.1455,,
Belarus,BLR,2005,,0,0,20.26118,0,714.4496,5295.096,,
Belarus,BLR,2006,,0,0,20.782568,0,674.9848,5228.134,,
Belarus,BLR,2007,,0,0,21.095892,0,659.5507,5152.5186,,
Belarus,BLR,2008,,0,0,21.375154,0,665.6059,5060.0093,,
Belarus,BLR,2009,,0,0,21.462952,0,715.26886,4933.2944,,
Belarus,BLR,2010,,0,0,21.366903,0,810.5629,4759.3535,,
Belarus,BLR,2011,,0,0,20.822056,0,920.36633,4477.5825,,
Belarus,BLR,2012,,0,0,19.854893,0,1068.4408,4088.549,,
Belarus,BLR,2013,,0,0,18.810736,0,1255.2542,3679.971,,
Belarus,BLR,2014,,0,0,17.951342,0,1439.0386,3326.3794,,
Belarus,BLR,2015,,0,0,17.473274,0,1645.9948,3108.5933,,
Belarus,BLR,2016,,0,0,17.452972,0,1880.5791,3011.7744,,
Belarus,BLR,2017,,0,0,17.40918,0,1921.08,2925.9548,,
Belarus,BLR,2018,,0,0,17.444801,0,2025.0381,2812.5198,,
Belarus,BLR,2019,,0,0,17.357056,0,1987.6143,2676.3665,,
Belarus,BLR,2020,,0,0,,,,,,
Belgium,BEL,1980,,7,0,,,,,,1
Belgium,BEL,1981,,0,0,,,,,,
Belgium,BEL,1982,,0,0,,,,,,
Belgium,BEL,1983,,7,0,,,,,,1
Belgium,BEL,1984,,0,0,,,,,,1
Belgium,BEL,1985,,0,0,,,,,,1
Belgium,BEL,1986,,0,0,,,,,,
Belgium,BEL,1987,,0,0,,,,,,
Belgium,BEL,1988,,0,0,,,,,,
Belgium,BEL,1989,,14,0,,,,,,
Belgium,BEL,1990,,0,0,0.013685222,0,822.1403,1266.579,,
Belgium,BEL,1991,,0,0,0.012464642,0,908.95264,1222.1287,,
Belgium,BEL,1992,,0,0,0.0113131935,0,1019.6906,1181.0869,,1
Belgium,BEL,1993,,0,0,0.01026026,0,1080.5725,1146.3193,,1
Belgium,BEL,1994,,0,0,0.009454718,0,1125.1593,1121.1691,,1
Belgium,BEL,1995,,0,0,0.008984055,0,1113.8798,1108.7953,,
Belgium,BEL,1996,,0,0,0.008719874,0,1079.4645,1100.3625,,
Belgium,BEL,1997,,0,0,0.008498837,0,1013.33813,1086.723,,
Belgium,BEL,1998,,0,0,0.008350205,0,914.6605,1069.8293,,
Belgium,BEL,1999,,0,0,0.008341569,0,866.5748,1052.6124,,
Belgium,BEL,2000,,0,0,0.008560617,0,942.00256,1038.4095,,
Belgium,BEL,2001,,0,0,0.00903759,0,1012.00073,1023.66693,,
Belgium,BEL,2002,,0,0,0.009782253,0,1065.0303,1005.2929,,
Belgium,BEL,2003,,0,0,0.010733596,0,1089.0441,985.96735,,
Belgium,BEL,2004,,0,0,0.011862022,0,1129.0245,968.7854,,1
Belgium,BEL,2005,,0,0,0.012963325,0,1197.0104,956.58154,,2
Belgium,BEL,2006,,0,0,0.014295293,0,1184.9729,946.25586,,
Belgium,BEL,2007,,0,0,0.01602616,0,1227.9221,934.36224,,
Belgium,BEL,2008,,0,0,0.017718885,0,1125.9583,922.40436,,
Belgium,BEL,2009,,0,0,0.019485304,0,1055.0078,912.1978,,
Belgium,BEL,2010,,0,0,0.021662993,0,1009.99927,905.64026,,
Belgium,BEL,2011,,0,0,0.022669978,0,929.194,900.81335,,
Belgium,BEL,2012,,0,0,0.022039864,0,888.3035,894.3077,,
Belgium,BEL,2013,,0,0,0.0202902,0,895.9986,886.1583,,
Belgium,BEL,2014,,0,0,0.018462662,0,924.0327,877.1536,,
Belgium,BEL,2015,,0,0,0.017914094,0,941.74725,868.4676,,
Belgium,BEL,2016,,0,0,0.018936608,0,956.13257,855.0628,,
Belgium,BEL,2017,,0,0,0.019862575,0,945.7535,841.72296,,
Belgium,BEL,2018,,0,0,0.019413032,0,934.50635,833.8435,,
Belgium,BEL,2019,,0,0,0.017775036,0,934.999,827.1862,,
Belgium,BEL,2020,,0,0,,,,,,
Belize,BLZ,1980,,21,0,,,,,,
Belize,BLZ,1981,,0,0,,,,,,
Belize,BLZ,1982,,0,0,,,,,,
Belize,BLZ,1983,,0,0,,,,,,
Belize,BLZ,1984,,0,0,,,,,,
Belize,BLZ,1985,,0,0,,,,,,
Belize,BLZ,1986,,0,0,,,,,,
Belize,BLZ,1987,,0,0,,,,,,
Belize,BLZ,1988,,0,0,,,,,,
Belize,BLZ,1989,,0,0,,,,,,
Belize,BLZ,1990,,0,0,0.019758154,6051.6616,57.639984,67.990364,,
Belize,BLZ,1991,,0,0,0.014403569,5701.5366,62.234108,69.224335,,
Belize,BLZ,1992,,0,0,0.009641094,5358.997,67.29755,70.3936,,159
Belize,BLZ,1993,,0,0,0.0057951747,5033.0776,72.591805,71.561035,,135
Belize,BLZ,1994,,0,0,0.00322754,4733.31,78.01147,72.79789,,6
Belize,BLZ,1995,,0,0,0.002314402,4470.6104,85.76809,74.190186,,19
Belize,BLZ,1996,,0,0,0.002816468,4185.059,96.48037,75.32419,,26
Belize,BLZ,1997,,0,0,0.0040523624,3849.7412,107.0988,75.876656,,2
Belize,BLZ,1998,,0,0,0.005734186,3527.7542,125.97586,76.09775,,28
Belize,BLZ,1999,,0,0,0.007561648,3285.4001,142.95506,76.30561,,12
Belize,BLZ,2000,,0,0,0.009210507,3193.3647,160.13626,76.887886,,
Belize,BLZ,2001,,0,0,0.010753179,3193.1475,181.04243,77.20671,,
Belize,BLZ,2002,,0,0,0.01242991,3171.2844,186.70741,76.67931,,
Belize,BLZ,2003,,0,0,0.014141539,3119.9316,167.85284,75.88374,,
Belize,BLZ,2004,,0,0,0.015779575,3030.218,140.1338,75.494354,,
Belize,BLZ,2005,,0,0,0.017231986,2892.8699,114.59919,76.323425,,
Belize,BLZ,2006,,0,0,0.018660365,2545.5435,107.48909,78.4042,,
Belize,BLZ,2007,,0,0,0.020239053,1930.5876,102.34638,80.97801,,
Belize,BLZ,2008,,0,0,0.021837493,1213.5574,103.760864,83.75067,,
Belize,BLZ,2010,,0,0,0.024347978,266.39453,134.66939,88.42858,,
Benin,BEN,2010,45,0,0,46.3769,3672151.2,5233.893,12574.599,,983
Benin,BEN,2012,11,0,0,49.601185,4033745,5091.9155,13094.752,,625
Benin,BEN,1980,,1085,0,,,,,,3
Benin,BEN,1981,,1505,0,,,,,,2
Benin,BEN,1982,,966,0,,,,,,3
Benin,BEN,1983,,413,0,,,,,,1
Benin,BEN,1984,,364,0,,,,,,1
Benin,BEN,1985,,623,0,,,,,,
Benin,BEN,1986,,665,0,,,,,,243
Benin,BEN,1987,,518,400,,,,,,
Benin,BEN,1988,,217,13892,,,,,,
Benin,BEN,1989,,385,7172,,,,,,
Benin,BEN,1990,,567,37414,37.086082,2157492.5,1916.0867,9446.857,,
Benin,BEN,1991,,126,4006,37.6878,2225971,3785.2214,9490.304,,7474
Benin,BEN,1992,,623,4315,38.224003,2293668.5,6124.4043,9537.654,,413
Benin,BEN,1993,,119,16334,38.80163,2360386.8,8215.1045,9600.913,,10
Benin,BEN,1994,,399,4302,39.310184,2426459.5,9423.16,9682.82,,187
Benin,BEN,1995,,49,2273,39.757984,2492644,9658.938,9787.834,,203
Benin,BEN,1996,,7,1427,40.17089,2551024.2,9270.626,9925.693,,6190
Benin,BEN,1997,,3,855,40.350967,2599431.5,8655.128,10077.255,,796
Benin,BEN,1998,,9,695,40.39168,2646185.2,8041.921,10239.509,,206
Benin,BEN,1999,,41,492,40.594364,2700596.8,7527.045,10408.344,,855
Benin,BEN,2000,,1,186,41.186474,2772889,7123.5044,10572.767,,468
Benin,BEN,2001,,0,172,41.948437,2915583,6803.0283,10709.998,,3943
Benin,BEN,2002,,0,181,42.779755,3146611.8,6538.3794,10809.631,,270
Benin,BEN,2003,,2,30,43.72317,3418834.8,6307.468,10903.394,,434
Benin,BEN,2004,,7,3,44.659725,3678848.2,6113.61,11023.615,,642
Benin,BEN,2005,,0,1,45.52215,3865651,5953.7954,11214.356,,749
Benin,BEN,2006,,0,0,46.045246,3914863.8,5888.8037,11463.51,,91
Benin,BEN,2007,,0,0,45.998764,3847735.8,5782.6587,11728.138,,
Benin,BEN,2008,,7,0,45.717953,3731514.8,5502.2993,12006.054,,985
Benin,BEN,2009,,22,0,45.67737,3643694.8,5306.3413,12291.566,,74
Benin,BEN,2011,,0,0,47.802372,3826078,5132.8916,12845.084,,755
Benin,BEN,2013,,0,0,51.62712,4265987.5,5027.981,13335.798,,528
Benin,BEN,2014,,0,0,53.69093,4489937,4563.527,13570.795,,832
Benin,BEN,2015,,0,0,55.59116,4668468.5,4016.9297,13796.397,,
Benin,BEN,2016,,0,0,57.216972,4771616.5,3684.3767,14012.608,,761
Benin,BEN,2017,,0,0,58.370663,4845689.5,3459.9934,14190.117,,11
Benin,BEN,2018,,0,0,57.6133,4918460,3253.1973,14172.662,,
Benin,BEN,2019,,9,0,54.624016,4975787,3102.3525,13899.606,,50
Benin,BEN,2020,,3,0,,,,,,232
Bhutan,BTN,1980,,42,0,,,,,,
Bhutan,BTN,1981,,0,0,,,,,,
Bhutan,BTN,1982,,0,0,,,,,,
Bhutan,BTN,1984,,49,0,,,,,,
Bhutan,BTN,1985,,14,0,,,,,,
Bhutan,BTN,1986,,42,0,,,,,,
Bhutan,BTN,1987,,0,0,,,,,,
Bhutan,BTN,1988,,252,0,,,,,,
Bhutan,BTN,1989,,0,0,,,,,,
Bhutan,BTN,1990,,0,0,4.537616,283252.53,25.195093,1603.0831,,
Bhutan,BTN,1991,,0,0,4.2959814,219335.47,22.765972,1528.1729,,422
Bhutan,BTN,1992,,0,0,4.11237,166941.86,21.48005,1472.7197,,494
Bhutan,BTN,1993,,0,0,4.016159,126903.07,22.080523,1445.9978,,
Bhutan,BTN,1994,,0,0,3.9559896,96805.984,22.808584,1427.4858,,
Bhutan,BTN,1995,,0,0,3.9211993,77667.53,24.39267,1411.4991,,25
Bhutan,BTN,1997,,0,0,3.8229947,54090.793,28.747353,1353.5839,,
Bhutan,BTN,1998,,2,0,3.7350466,44492.22,31.05694,1310.3729,,19
Bhutan,BTN,1999,,0,0,3.625098,36708.375,33.457245,1263.3945,,
Bhutan,BTN,2000,,0,0,3.505536,31088.531,35.694695,1220.3273,,
Bhutan,BTN,2001,,0,0,3.3331864,26195.09,37.877575,1181.6959,,
Bhutan,BTN,2002,,0,0,3.0901964,20828.06,40.03678,1143.8561,,
Bhutan,BTN,2003,,0,0,2.825276,15594.679,42.43126,1105.996,,
Bhutan,BTN,2004,,0,0,2.5888693,11138.241,44.471638,1067.413,,
Bhutan,BTN,2005,,0,0,2.438347,8155.25,47.175518,1030.9254,,
Bhutan,BTN,2006,,0,0,2.3658931,6249.6885,50.298676,997.2474,,
Bhutan,BTN,2007,,0,0,2.3196046,4587.57,53.080044,966.01324,,
Bhutan,BTN,2008,,0,0,2.2912552,3206.644,56.797447,939.08,,
Bhutan,BTN,2009,,0,0,2.2674594,2152.5989,60.017067,916.2593,,
Bhutan,BTN,2010,,0,0,2.2370682,1496.3928,62.89119,898.9573,,
Bhutan,BTN,2011,,0,0,2.1793964,1087.2994,68.05614,884.2922,,
Bhutan,BTN,2012,,0,0,2.087356,728.98267,70.17269,866.5601,,
Bhutan,BTN,2013,,0,0,1.9807339,439.12784,72.133446,847.1412,,
Bhutan,BTN,2014,,0,0,1.8813996,232.19106,76.26368,828.35504,,
Bhutan,BTN,2015,,0,0,1.8080677,118.77861,77.64037,811.0164,,
Bhutan,BTN,2016,,0,0,1.7567648,63.117958,75.843124,794.7175,,
Bhutan,BTN,2017,,0,0,1.7150006,38.087547,75.7578,778.51245,,
Bhutan,BTN,2018,,0,0,1.6749796,47.06151,75.47474,755.5536,,
Bhutan,BTN,2019,,0,0,1.6316248,80.26916,74.84879,724.7581,,
Bhutan,BTN,2020,,0,0,,,,,,
Bolivia,BOL,1980,,336,0,,,,,,
Bolivia,BOL,1981,,63,0,,,,,,
Bolivia,BOL,1982,,70,0,,,,,,
Bolivia,BOL,1983,,49,0,,,,,,
Bolivia,BOL,1984,,0,0,,,,,,
Bolivia,BOL,1985,,0,0,,,,,,
Bolivia,BOL,1986,,28,0,,,,,,
Bolivia,BOL,1987,,49,0,,,,,,
Bolivia,BOL,1988,,7,0,,,,,,
Bolivia,BOL,1989,,14,0,,,,,,
Bolivia,BOL,1990,,0,0,6.4129734,524628.5,767.968,13384.729,,
Bolivia,BOL,1991,,0,0,5.9606957,488725,762.9625,13392.261,,206
Bolivia,BOL,1992,,0,0,5.508675,451223.78,772.9805,13398.249,,22260
Bolivia,BOL,1993,,0,0,5.081058,412753.28,786.0211,13405.585,,10134
Bolivia,BOL,1994,,0,0,4.6754518,373978.34,792.9892,13411.01,,2710
Bolivia,BOL,1995,,0,0,4.2980895,335659.12,792.8319,13411.54,,2293
Bolivia,BOL,1996,,0,0,3.9221678,288883.6,783.7369,13390.389,,2847
Bolivia,BOL,1997,,0,0,3.528864,230612.72,765.46674,13337.812,,1632
Bolivia,BOL,1998,,0,0,3.140107,171280.81,737.4031,13261.228,,466
Bolivia,BOL,1999,,0,0,2.7861104,122467.49,710.93463,13168.22,,
Bolivia,BOL,2000,,0,0,2.500997,96823.89,692.8599,13068.384,,
Bolivia,BOL,2001,,0,0,2.253631,87350.73,685.63354,12933.063,,
Bolivia,BOL,2002,,0,0,2.0071945,78220.95,701.7398,12740.017,,
Bolivia,BOL,2003,,0,0,1.7792448,69663.7,744.40814,12520.051,,
Bolivia,BOL,2004,,0,0,1.5945752,61928.88,814.01843,12304.716,,
Bolivia,BOL,2005,,0,0,1.4804528,55275.227,909.09235,12129.27,,
Bolivia,BOL,2006,,0,0,1.4256363,49550.402,1035.0078,11998.645,,
Bolivia,BOL,2007,,0,0,1.3811723,44367.164,1169.4858,11884.305,,
Bolivia,BOL,2008,,0,0,1.3489034,39623.164,1312.0088,11779.463,,
Bolivia,BOL,2009,,0,0,1.3279519,35201.965,1434.5494,11673.098,,
Bolivia,BOL,2010,,0,0,1.3172007,30969.781,1542.8296,11554.039,,
Bolivia,BOL,2011,,0,0,1.3114159,26780.662,1589.3987,11425.822,,
Bolivia,BOL,2012,,0,0,1.3142883,22671.71,1583.6582,11291.325,,
Bolivia,BOL,2013,,0,0,1.3190622,18775.488,1627.7424,11138.6045,,
Bolivia,BOL,2014,,0,0,1.3209883,15232.869,1650.5504,10953.245,,
Bolivia,BOL,2015,,0,0,1.3144938,12194.988,1636.8777,10720.153,,
Bolivia,BOL,2016,,0,0,1.2821299,9713.518,1560.6143,10352.169,,
Bolivia,BOL,2017,,0,0,1.2490672,7709.8633,1572.9089,10036.032,,
Bolivia,BOL,2018,,0,0,1.2434165,6266.4175,1586.8198,9901.166,,
Bolivia,BOL,2019,,0,0,1.2495567,5407.9565,1597.6351,9847.986,,
Bolivia,BOL,2020,,0,0,,,,,,
"Bosnia and Herzegovina",BIH,1991,,0,0,1.3063489,0,5.974386,1252.3068,,
"Bosnia and Herzegovina",BIH,1992,,0,0,1.3380651,0,5.6403766,1240.075,,
"Bosnia and Herzegovina",BIH,1993,,0,0,1.3727772,0,5.188512,1219.8723,,
"Bosnia and Herzegovina",BIH,1994,,0,0,1.4178592,0,4.7262645,1193.0165,,
"Bosnia and Herzegovina",BIH,1995,,0,0,1.4449264,0,4.3690767,1159.1788,,
"Bosnia and Herzegovina",BIH,1996,,0,0,1.461226,0,4.214765,1136.0934,,
"Bosnia and Herzegovina",BIH,1997,,0,0,1.4364233,0,4.081757,1110.2296,,
"Bosnia and Herzegovina",BIH,1998,,0,0,1.3927256,0,3.7647285,1063.1956,,
"Bosnia and Herzegovina",BIH,1999,,0,0,1.3546659,0,3.6532266,1003.3889,,
"Bosnia and Herzegovina",BIH,2000,,0,0,1.329481,0,3.6777463,957.51874,,
"Bosnia and Herzegovina",BIH,2001,,0,0,1.3076755,0,4.212538,932.91364,,
"Bosnia and Herzegovina",BIH,2002,,0,0,1.2444015,0,5.0100594,916.9189,,
"Bosnia and Herzegovina",BIH,2003,,0,0,1.1462514,0,5.862404,904.2905,,
"Bosnia and Herzegovina",BIH,2004,,0,0,1.034148,0,6.183282,885.7057,,
"Bosnia and Herzegovina",BIH,2005,,0,0,0.9279425,0,6.166904,861.9461,,
"Bosnia and Herzegovina",BIH,2006,,0,0,0.8108592,0,6.376327,840.70605,,
"Bosnia and Herzegovina",BIH,2007,,0,0,0.67169094,0,6.615458,817.469,,
"Bosnia and Herzegovina",BIH,2008,,0,0,0.5355701,0,7.064184,789.77435,,
"Bosnia and Herzegovina",BIH,2009,,0,0,0.42568716,0,7.821633,763.24835,,
"Bosnia and Herzegovina",BIH,2010,,0,0,0.3643023,0,8.858048,739.5987,,
"Bosnia and Herzegovina",BIH,2011,,0,0,0.33272323,0,10.467231,717.1861,,
"Bosnia and Herzegovina",BIH,2012,,0,0,0.3039587,0,11.87916,694.5585,,
"Bosnia and Herzegovina",BIH,2013,,0,0,0.27761996,0,12.727072,672.2673,,
"Bosnia and Herzegovina",BIH,2014,,0,0,0.256047,0,11.484884,652.8208,,
"Bosnia and Herzegovina",BIH,2015,,0,0,0.24424027,0,10.827798,638.3604,,
"Bosnia and Herzegovina",BIH,2016,,0,0,0.23598012,0,10.452078,628.2817,,
"Bosnia and Herzegovina",BIH,2017,,0,0,0.22924855,0,10.225491,620.4975,,
"Bosnia and Herzegovina",BIH,2018,,0,0,0.22252913,0,9.9443655,601.0395,,
"Bosnia and Herzegovina",BIH,2019,,0,0,0.21970178,0,9.857321,565.5167,,
"Bosnia and Herzegovina",BIH,2020,,0,0,,,,,,
Botswana,BWA,1980,,7,0,,,,,,
Botswana,BWA,1981,,7,0,,,,,,
Botswana,BWA,1982,,28,0,,,,,,
Botswana,BWA,1983,,14,0,,,,,,
Botswana,BWA,1984,,35,0,,,,,,
Botswana,BWA,1985,,21,0,,,,,,
Botswana,BWA,1986,,14,0,,,,,,
Botswana,BWA,1987,,7,0,,,,,,
Botswana,BWA,1988,,0,0,,,,,,
Botswana,BWA,1989,,7,0,,,,,,
Botswana,BWA,1990,,0,0,1.1548818,1927.0216,18016.402,6341.7856,,
Botswana,BWA,1991,,0,0,1.1610824,2036.6019,24022.309,6290.276,,
Botswana,BWA,1992,,0,0,1.1679479,2213.622,29342.92,6241.837,,
Botswana,BWA,1993,,0,0,1.1769377,2453.2217,33045.21,6209.1553,,
Botswana,BWA,1994,,0,0,1.189696,2748.7778,34763.84,6207.6313,,
Botswana,BWA,1995,,0,0,1.2074361,3092.0178,34746.742,6255.2314,,
Botswana,BWA,1996,,0,0,1.2293562,3835.5308,33594.137,6329.4316,,
Botswana,BWA,1997,,3,0,1.2510448,5125.1846,31887.863,6401.2603,,
Botswana,BWA,1998,,0,0,1.2698839,6606.8076,30012.63,6480.5034,,
Botswana,BWA,1999,,0,0,1.2833322,7885.596,28098.14,6577.1924,,
Botswana,BWA,2000,,0,0,1.2888397,8531.778,26228.041,6700.64,,
Botswana,BWA,2001,,0,0,1.2702414,7895.3374,24540.066,6900.3745,,
Botswana,BWA,2002,,0,0,1.2235156,6078.016,23017.621,7186.487,,
Botswana,BWA,2003,,0,0,1.1660596,3798.014,21594.385,7509.75,,
Botswana,BWA,2004,,1,0,1.1155847,1826.493,19949.502,7818.1387,,
Botswana,BWA,2005,,0,0,1.0896022,989.0298,18370.615,8051.9424,,0
Botswana,BWA,2006,,0,0,1.0849216,1171.604,17462.066,8229.9,,0
Botswana,BWA,2007,,0,0,1.0851599,1589.5837,16945.457,8407.376,,
Botswana,BWA,2008,,0,0,1.0888206,2104.1516,16267.13,8573.214,,8
Botswana,BWA,2009,,0,0,1.0946648,2562.9211,15488.468,8712.902,,15
Botswana,BWA,2010,,0,0,1.1014996,2798.69,15011.866,8811.434,,
Botswana,BWA,2011,,0,0,1.1101854,2621.5024,14335.358,8848.719,,
Botswana,BWA,2012,,0,0,1.1216104,2091.4583,13363.945,8838.533,,
Botswana,BWA,2013,,0,0,1.1352901,1419.0216,12635.162,8810.602,,
Botswana,BWA,2014,,0,0,1.1507571,834.60126,12202.227,8793.589,,
Botswana,BWA,2015,,0,0,1.1685572,588.8548,11721.858,8816.726,,
Botswana,BWA,2016,,0,0,1.1903174,2022.859,11051.832,8927.312,,
Botswana,BWA,2017,,0,0,1.2091631,3815.71,10475.684,9040.9,,
Botswana,BWA,2018,,0,0,1.2163793,4368.898,9741.926,8989.419,,
Botswana,BWA,2019,,0,0,1.2140039,4492.249,9251.085,8787.783,,
Botswana,BWA,2020,,0,0,,,,,,
Brazil,BRA,1980,,9394,0,,,,,,
Brazil,BRA,1981,,854,0,,,,,,
Brazil,BRA,1982,,483,0,,,,,,
Brazil,BRA,1983,,315,0,,,,,,
Brazil,BRA,1984,,574,0,,,,,,
Brazil,BRA,1985,,2303,0,,,,,,
Brazil,BRA,1986,,4284,0,,,,,,
Brazil,BRA,1987,,1379,0,,,,,,
Brazil,BRA,1988,,749,0,,,,,,
Brazil,BRA,1989,,175,0,,,,,,
Brazil,BRA,1990,,0,0,83.63344,2036859.1,26948.254,63788.08,,
Brazil,BRA,1991,,0,0,69.74914,2025053.6,24791.227,66109.195,,2103
Brazil,BRA,1992,,0,0,56.735336,2002818.4,24989.883,68097.39,,30317
Brazil,BRA,1993,,0,0,45.39826,1973263.4,26734.35,69807.12,,59212
Brazil,BRA,1994,,0,0,36.56222,1939571.8,29024.24,71317.95,,49455
Brazil,BRA,1995,,0,0,31.059652,1904921.1,31690.27,72731.24,,15915
Brazil,BRA,1996,,0,0,27.892899,1855068,36261.746,72761.75,,5522
Brazil,BRA,1997,,0,0,25.383741,1783854.8,41368.48,70750.04,,2881
Brazil,BRA,1998,,0,0,23.345978,1706992.2,46679.664,67787.5,,2571
Brazil,BRA,1999,,0,0,21.580233,1641416.1,52335.84,65099.94,,4495
Brazil,BRA,2000,,0,0,19.875423,1605159.5,50734.56,64063.59,,715
Brazil,BRA,2001,,0,0,17.978935,1576930,46624.977,64391.93,,7
Brazil,BRA,2002,,0,0,15.875821,1530313.2,45399.36,64827.934,,
Brazil,BRA,2003,,0,0,13.719372,1477403.6,45136.887,65351.02,,
Brazil,BRA,2004,,0,0,11.675186,1431827.8,45298.367,65916.54,,21
Brazil,BRA,2005,,0,0,9.921415,1408911.6,46295.887,66456,,5
Brazil,BRA,2006,,0,0,8.255371,1340957.6,47101.875,66329.05,,
Brazil,BRA,2007,,0,0,6.4833884,1181858.8,47582.098,65261.99,,
Brazil,BRA,2008,,0,0,4.8169174,983513.3,49180.832,63774.504,,
Brazil,BRA,2009,,0,0,3.4788373,801651.1,51691.766,62454.12,,
Brazil,BRA,2010,,0,0,2.7039893,695640.75,54817.996,61961.773,,
Brazil,BRA,2011,,0,0,2.305674,625064.8,57201.125,62070.21,,1
Brazil,BRA,2012,,0,0,1.9509403,524171.47,59722.184,62119.92,,
Brazil,BRA,2013,,0,0,1.6640034,418613.62,62648.29,62171.953,,
Brazil,BRA,2014,,0,0,1.4713116,336343.6,65659.15,62278.97,,
Brazil,BRA,2015,,0,0,1.4012498,307484.2,65520.316,62492.06,,
Brazil,BRA,2016,,0,0,1.5137854,335778.38,65086.71,64088.47,,
Brazil,BRA,2017,,0,0,1.6396914,363743.34,64734.395,65635.97,,
Brazil,BRA,2018,,0,0,1.6205786,337189,64317.918,65528.69,,
Brazil,BRA,2019,,0,0,1.5104233,259752.39,64763.234,64641.355,,
Brazil,BRA,2020,,0,0,,,,,,
Brunei,BRN,1980,,0,0,,,,,,
Brunei,BRN,1981,,0,0,,,,,,
Brunei,BRN,1982,,0,0,,,,,,6
Brunei,BRN,1983,,0,0,,,,,,
Brunei,BRN,1984,,0,0,,,,,,
Brunei,BRN,1985,,0,0,,,,,,
Brunei,BRN,1986,,0,0,,,,,,
Brunei,BRN,1987,,0,0,,,,,,
Brunei,BRN,1988,,0,0,,,,,,
Brunei,BRN,1989,,0,0,,,,,,
Brunei,BRN,1990,,0,0,0.058247562,0,4.843064,155.05913,,
Brunei,BRN,1991,,0,0,0.071790025,0,5.538673,154.95436,,
Brunei,BRN,1992,,0,0,0.08241813,0,6.3724866,155.12416,,
Brunei,BRN,1993,,0,0,0.09096214,0,7.1490293,155.61667,,
Brunei,BRN,1994,,0,0,0.09763266,0,7.6222715,156.62827,,
Brunei,BRN,1995,,0,0,0.10267739,0,7.9001513,158.3501,,
Brunei,BRN,1996,,0,0,0.09953447,0,8.249547,160.86453,,
Brunei,BRN,1997,,0,0,0.08332432,0,8.624324,164.09726,,
Brunei,BRN,1998,,0,0,0.061161462,0,9.194968,167.6241,,
Brunei,BRN,1999,,0,0,0.03964211,0,9.484067,171.07318,,93
Brunei,BRN,2000,,0,0,0.026372349,0,20.853146,174.03363,,
Brunei,BRN,2001,,0,0,0.020040734,0,20.40916,174.2057,,
Brunei,BRN,2002,,0,0,0.0137921255,0,20.545778,171.07115,,
Brunei,BRN,2003,,0,0,0.00827144,0,20.121607,166.4339,,
Brunei,BRN,2004,,0,0,0.004214977,0,19.838978,162.65259,,
Brunei,BRN,2005,,0,0,0.0024107392,0,19.751926,162.21387,,
Brunei,BRN,2006,,0,0,0.0019680418,0,20.494265,164.57666,,
Brunei,BRN,2007,,0,0,0.0015723995,0,21.314978,167.53415,,
Brunei,BRN,2008,,0,0,0.001246573,0,22.544987,170.94446,,
Brunei,BRN,2009,,0,0,0.0010263145,0,25.036013,174.68932,,
Brunei,BRN,2010,,0,0,0.0009541847,0,27.344934,178.69302,,
Brunei,BRN,2011,,0,0,0.0011557526,0,29.932495,182.34947,,3
Brunei,BRN,2012,,0,0,0.0016415564,0,32.198692,185.55241,,
Brunei,BRN,2013,,0,0,0.002263421,0,34.185524,188.25368,,
Brunei,BRN,2014,,0,0,0.0028737884,0,35.803978,190.76039,,
Brunei,BRN,2015,,0,0,0.003276399,0,38.816433,193.43336,,
Brunei,BRN,2016,,0,0,0.003524978,0,40.08801,194.514,,
Brunei,BRN,2017,,0,0,0.0036938528,0,40.521816,194.92548,,
Brunei,BRN,2018,,0,0,0.0037258477,0,40.769756,195.53416,,
Brunei,BRN,2019,,0,0,0.0036237205,0,41.091755,195.2157,,
Brunei,BRN,2020,,0,0,,,,,,
Bulgaria,BGR,1980,,105,0,,,,,,
Bulgaria,BGR,1981,,0,0,,,,,,
Bulgaria,BGR,1982,,7,0,,,,,,
Bulgaria,BGR,1983,,7,0,,,,,,
Bulgaria,BGR,1984,,7,0,,,,,,
Bulgaria,BGR,1985,,0,0,,,,,,
Bulgaria,BGR,1986,,0,0,,,,,,
Bulgaria,BGR,1987,,0,0,,,,,,
Bulgaria,BGR,1988,,0,0,,,,,,
Bulgaria,BGR,1989,,7,0,,,,,,
Bulgaria,BGR,1990,,0,0,0.011009444,0,100.92826,2143.928,,
Bulgaria,BGR,1991,,322,0,0.0128367,0,106.11245,2156.67,,
Bulgaria,BGR,1992,,0,0,0.01475628,0,111.710075,2167.9656,,
Bulgaria,BGR,1993,,0,0,0.016401887,0,114.04195,2175.6978,,
Bulgaria,BGR,1994,,0,0,0.017699402,0,111.50685,2177.7693,,
Bulgaria,BGR,1995,,0,0,0.01868145,0,116.767654,2173.7488,,
Bulgaria,BGR,1996,,0,0,0.0194911,0,119.1531,2177.3691,,
Bulgaria,BGR,1997,,0,0,0.02037197,0,116.0723,2194.128,,
Bulgaria,BGR,1998,,0,0,0.021159418,0,115.49525,2213.7512,,
Bulgaria,BGR,1999,,0,0,0.021997154,0,119.81373,2227.2556,,
Bulgaria,BGR,2000,,0,0,0.022739042,0,124.17706,2221.8862,,
Bulgaria,BGR,2001,,2,0,0.023959108,0,127.12123,2203.938,,
Bulgaria,BGR,2002,,0,0,0.025888098,0,126.023384,2182.1008,,
Bulgaria,BGR,2003,,0,0,0.028302012,0,121.941345,2155.778,,
Bulgaria,BGR,2004,,0,0,0.031035813,0,117.19434,2123.2783,,
Bulgaria,BGR,2005,,0,0,0.03345975,0,108.12531,2082.8672,,
Bulgaria,BGR,2006,,0,0,0.035429712,0,99.5014,2029.2998,,
Bulgaria,BGR,2007,,0,0,0.03671373,0,93.474434,1962.5781,,
Bulgaria,BGR,2008,,0,0,0.037536174,0,88.92448,1889.5581,,
Bulgaria,BGR,2009,,0,0,0.038303107,0,89.07485,1815.5931,,
Bulgaria,BGR,2010,,0,0,0.039145973,0,95.13184,1746.6271,,
Bulgaria,BGR,2011,,0,0,0.039412107,0,100.52341,1675.4545,,
Bulgaria,BGR,2012,,0,0,0.038506925,0,103.85433,1596.809,,
Bulgaria,BGR,2013,,0,0,0.037213195,0,112.937355,1518.3202,,
Bulgaria,BGR,2014,,0,0,0.036112085,0,124.20582,1446.0608,,
Bulgaria,BGR,2015,,0,0,0.03580212,0,132.90787,1385.8823,,
Bulgaria,BGR,2016,,0,0,0.03684056,0,144.29713,1331.0686,,
Bulgaria,BGR,2017,,0,0,0.037796814,0,156.15717,1277.4326,,
Bulgaria,BGR,2018,,0,0,0.038106523,0,175.38518,1227.7742,,
Bulgaria,BGR,2019,,0,0,0.03804577,0,173.81738,1179.822,,
Bulgaria,BGR,2020,,0,0,,,,,,
"Burkina Faso",BFA,1980,,1015,2620,,,,,,
"Burkina Faso",BFA,1981,,896,0,,,,,,
"Burkina Faso",BFA,1982,,840,0,,,,,,
"Burkina Faso",BFA,1983,,924,4362,,,,,,
"Burkina Faso",BFA,1984,,735,1739,,,,,,2191
"Burkina Faso",BFA,1985,,861,458,,,,,,1149
"Burkina Faso",BFA,1986,,665,2558,,,,,,
"Burkina Faso",BFA,1987,,350,1957,,,,,,
"Burkina Faso",BFA,1988,,147,1069,,,,,,
"Burkina Faso",BFA,1989,,308,45004,,,,,,
"Burkina Faso",BFA,1990,,126,42187,108.56298,5722426.5,30554.441,18517.176,,
"Burkina Faso",BFA,1991,,105,0,108.72673,5859666,26297.566,18587.164,,537
"Burkina Faso",BFA,1992,,28,11784,108.98683,5996409.5,23120.977,18692.092,,
"Burkina Faso",BFA,1993,,21,8281,109.269196,6135743.5,20725.477,18820.973,,
"Burkina Faso",BFA,1994,,35,6861,109.674194,6279639.5,18846.455,18984.023,,
"Burkina Faso",BFA,1995,,84,6281,110.39055,6429422.5,17320.121,19198.197,,1451
"Burkina Faso",BFA,1996,,0,3241,111.266914,6582466.5,16011.049,19458.74,,425
"Burkina Faso",BFA,1997,,3,2477,111.812805,6738857,14827.122,19815.045,,
"Burkina Faso",BFA,1998,,7,2227,112.407394,6905853.5,13742.086,20247.729,,1036
"Burkina Faso",BFA,1999,,6,2184,113.19567,7082351.5,12740.386,20725.943,,93
"Burkina Faso",BFA,2000,,0,1956,114.2014,7265740.5,11848.157,21222.48,,617
"Burkina Faso",BFA,2001,,0,1032,114.81567,7363287,11046.836,21724.82,,477
"Burkina Faso",BFA,2002,,1,591,114.55331,7330571,10286.3955,22285.002,,
"Burkina Faso",BFA,2003,,12,203,113.61801,7249323.5,9547.343,22898.332,,1
"Burkina Faso",BFA,2004,,10,60,112.29401,7212214.5,8845.813,23572.957,,
"Burkina Faso",BFA,2005,,0,30,110.947784,7323013.5,8197.717,24317.992,,1050
"Burkina Faso",BFA,2006,,0,5,108.91645,7636179.5,7620.121,25140.023,,0
"Burkina Faso",BFA,2007,,0,3,105.52168,8085086,7159.896,26061.734,,
"Burkina Faso",BFA,2008,,7,1,101.80419,8597121,6659.068,27040,,0
"Burkina Faso",BFA,2009,,17,0,98.856255,9089657,6136.64,28039.309,,
"Burkina Faso",BFA,2010,,0,0,97.86605,9468340,5618.7554,29018.91,,
"Burkina Faso",BFA,2011,,0,0,98.272865,9594911,5156.952,29833.37,,20
"Burkina Faso",BFA,2012,,0,0,98.88006,9435059,4887.456,30481.867,,143
"Burkina Faso",BFA,2013,,0,0,99.79778,9051703,4538.141,31034.127,,
"Burkina Faso",BFA,2014,,0,0,101.212456,8518226,4199.8315,31594.45,,
"Burkina Faso",BFA,2015,,0,0,103.35541,7917187.5,3982.238,32290.814,,
"Burkina Faso",BFA,2016,,0,0,107.14575,6873952,3706.3228,33144.234,,
"Burkina Faso",BFA,2017,,0,0,111.05477,5905866.5,3382.7524,33976.94,,
"Burkina Faso",BFA,2018,,0,0,113.205284,5526700.5,3109.334,34168.812,,
"Burkina Faso",BFA,2019,,1,0,114.05726,5400614,3003.2297,33581.98,,
"Burkina Faso",BFA,2020,,130,0,,,,,,
Burundi,BDI,1980,,301,0,,,,,,2039
Burundi,BDI,1981,,714,0,,,,,,582
Burundi,BDI,1982,,224,0,,,,,,415
Burundi,BDI,1983,,259,0,,,,,,512
Burundi,BDI,1984,,322,0,,,,,,180
Burundi,BDI,1985,,175,0,,,,,,259
Burundi,BDI,1986,,154,0,,,,,,
